url,label
http://www.google.com,legit
http://www.facebook.com,legit
http://www.paypal.com.security.login.com/,phishing
http://www.youtube.com,legit
http://123.45.67.89/login,phishing
https://myuniversity.edu/portal,legit
http://chase-security-alert.com/update,phishing
https://www.wikipedia.org/,legit
https://www.amazon.com/,legit
https://www.reddit.com/,legit
https://www.linkedin.com/,legit
https://www.nytimes.com/,legit
https://github.com/,legit
https://www.microsoft.com/,legit
https://www.apple.com/,legit
https://www.netflix.com/,legit
https://stackoverflow.com/,legit
https://www.bbc.com/news,legit
https://www.cnn.com/,legit
https://www.theguardian.com/,legit
https://www.forbes.com/,legit
https://www.espn.com/,legit
http://amazon-prime-login.com/auth/,phishing
http://apple-id-support.com-verify.net/,phishing
http://bankofamerica-secure.com/login-update/,phishing
http://chase-online-banking.net/verify/,phishing
http://facebook-security-alerts.com/notification/,phishing
http://google-drive-share.com/docs/,phishing
http://microsoft-office365-login.com/,phishing
http://netflix-account-update.org/,phishing
http://paypal-transaction-details.com/,phishing
http://wellsfargo-online-access.net/,phishing
http://192.168.1.1-login.com/admin/,phishing
http://usps-tracking-update.com/package/,phishing
http://dhl-delivery-status.com/track/,phishing
http://irs-tax-refund.com/claim/,phishing
http://your-crypto-wallet.com/login/,phishing
